Workbook

Sheet Players
A1: Player Name | B1: Role | C1: Country | D1: DWL Team | E1: Sold Price | F1: Status
A2: Alana King | B2: allrounder | C2: Australia | D2: Singara Singapengal | E2: 14.5
A3: Annabel Sutherland | B3: allrounder | C3: Australia | D3: Sarafa Strikers | E3: 13.5
A4: Ashleigh Gardner | B4: allrounder | C4: Australia | D4: Gully Divas | E4: 25
A5: Beth Mooney | B5: wicketkeeper | C5: Australia | D5: Sarafa Strikers | E5: 18
A6: Ellyse Perry | B6: allrounder | C6: Australia | D6: Vanitha Warriors | E6: 27.5
A7: Georgia Voll | B7: batter | C7: Australia | D7: Rajputana Ranis | E7: 4
A8: Georgia Wareham | B8: allrounder | C8: Australia | D8: Rajputana Ranis | E8: 4
A9: Grace Harris | B9: allrounder | C9: Australia | D9: Sarafa Strikers | E9: 5
A10: Kim Garth | B10: allrounder | C10: Australia | D10: Konkan Queens | E10: 7.5
A11: Lucy Hamilton | B11: allrounder | C11: Australia | D11: Konkan Queens | E11: 0.5
A12: Megan Schutt | B12: bowler | C12: Australia | D12: Janaki Royals | E12: 14.5
A13: Nicola Carey | B13: bowler | C13: Australia | D13: Vanitha Warriors | E13: 2.5
... A16: Tahlia McGrath | B16: allrounder | C16: Australia | D16: Janaki Royals | E16: 10.5
A17: Dilara Akter | B17: wicketkeeper | C17: Bangladesh
A18: Fahima Khatun | B18: bowler | C18: Bangladesh
A19: Fariha Trisna | B19: bowler | C19: Bangladesh
A20: Juairiya Ferdous | B20: wicketkeeper | C20: Bangladesh
A21: Marufa Akter | B21: bowler | C21: Bangladesh
A22: Nahida Akter | B22: bowler | C22: Bangladesh | D22: Gully Divas | E22: 1
A23: Nigar Sultana | B23: wicketkeeper | C23: Bangladesh | D23: Gully Divas | E23: 1
A24: Rabeya Khan | B24: allrounder | C24: Bangladesh
A25: Ritu Moni | B25: allrounder | C25: Bangladesh
A26: Sharmin Akhter | B26: batter | C26: Bangladesh
A27: Shorna Akter | B27: allrounder | C27: Bangladesh
A28: Sobhana Mostary | B28: batter | C28: Bangladesh
A29: Sultana Khatun | B29: bowler | C29: Bangladesh
A30: Sumaiya Akther | B30: wicketkeeper | C30: Bangladesh
A31: Taj Nehar | B31: batter | C31: Bangladesh
A32: Alice Capsey | B32: allrounder | C32: England | D32: Rajputana Ranis | E32: 16
A33: Amy Jones | B33: wicketkeeper | C33: England | D33: Sarafa Strikers | E33: 9
A34: Charlie Dean | B34: allrounder | C34: England | D34: Gully Divas | E34: 13
A35: Dani Gibson | B35: allrounder | C35: England
A36: Danni Wyatt-Hodge | B36: batter | C36: England | D36: Sarafa Strikers | E36: 9
A37: Freya Kemp | B37: allrounder | C37: England | D37: Sarafa Strikers | E37: 1
A38: Heather Knight | B38: batter | C38: England | D38: Singara Singapengal | E38: 4
A39: Issy Wong | B39: bowler | C39: England | D39: Janaki Royals | E39: 2
A40: Lauren Bell | B40: bowler | C40: England | D40: Konkan Queens | E40: 19
A41: Lauren Filer | B41: bowler | C41: England | D41: Janaki Royals | E41: 1
A42: Linsey Smith | B42: bowler | C42: England | D42: Sarafa Strikers | E42: 3
A43: Nat Sciver-Brunt | B43: allrounder | C43: England | D43: Janaki Royals | E43: 37
A44: Sophia Dunkley | B44: batter | C44: England | D44: Gully Divas | E44: 6
A45: Sophie Ecclestone | B45: bowler | C45: England | D45: Konkan Queens | E45: 21.5
A46: Tilly Corteen-Coleman | B46: bowler | C46: England | D46: Gully Divas | E46: 0.5
A47: Arundhati Reddy | B47: bowler | C47: India | D47: Rajputana Ranis | E47: 5
... A53: Nandani Sharma | B53: bowler | C53: India | D53: Gully Divas | E53: 0.5
A54: Prema Rawat | B54: bowler | C54: India | D54: Konkan Queens | E54: 0 | F54: Replacement
A55: Radha Yadav | B55: bowler | C55: India | D55: Vanitha Warriors | E55: 15.5
A56: Renuka Singh | B56: bowler | C56: India | D56: Sarafa Strikers | E56: 13
A57: Richa Ghosh | B57: wicketkeeper | C57: India | D57: Singara Singapengal | E57: 25
A58: Shafali Verma | B58: batter | C58: India | D58: Singara Singapengal | E58: 14.5
A59: Shree Charani | B59: bowler | C59: India | D59: Gully Divas | E59: 0.5
A60: Shreyanka Patil | B60: allrounder | C60: India | D60: Gully Divas | E60: 3 | F60: Injured
A61: Smriti Mandhana | B61: batter | C61: India | D61: Konkan Queens | E61: 18.5
A62: Yastika Bhatia | B62: wicketkeeper | C62: India | D62: Rajputana Ranis | E62: 13.5
A63: Aimee Maguire | B63: bowler | C63: Ireland
A64: Alana Dalzell | B64: bowler | C64: Ireland
A65: Amy Hunter | B65: wicketkeeper | C65: Ireland | D65: Vanitha Warriors | E65: 4.5
A66: Arlene Kelly | B66: allrounder | C66: Ireland
A67: Ava Canning | B67: bowler | C67: Ireland
A68: Cara Murray | B68: bowler | C68: Ireland | D68: Singara Singapengal | E68: 0.5
A69: Christina Coulter Reilly | B69: wicketkeeper | C69: Ireland
A70: Gaby Lewis | B70: allrounder | C70: Ireland | D70: Konkan Queens | E70: 6
A71: Georgina Dempsey | B71: allrounder | C71: Ireland
A72: Lara McBride | C72: Ireland
A73: Laura Delany | B73: allrounder | C73: Ireland
A74: Leah Paul | B74: allrounder | C74: Ireland | D74: Singara Singapengal | E74: 0.5
A75: Louise Little | B75: bowler | C75: Ireland
A76: Orla Prendergast | B76: allrounder | C76: Ireland | D76: Sarafa Strikers | E76: 9.5
A77: Rebecca Stokell | B77: batter | C77: Ireland
A78: Babette de Leede | B78: wicketkeeper | C78: Netherlands
A79: Caroline de Lange | B79: bowler | C79: Netherlands
A80: Frederique Overdijk | B80: allrounder | C80: Netherlands
A81: Hannah Landheer | B81: bowler | C81: Netherlands
A82: Heather Siegers | B82: allrounder | C82: Netherlands
A83: Iris Zwilling | B83: allrounder | C83: Netherlands
A84: Isabel van der Woning | B84: bowler | C84: Netherlands
A85: Lara Leemhuis | B85: bowler | C85: Netherlands
A86: Myrthe van den Raad | B86: batter | C86: Netherlands
A87: Phebe Molkenboer | B87: batter | C87: Netherlands
A88: Robine Rijke | B88: allrounder | C88: Netherlands | D88: Janaki Royals | E88: 1
A89: Rosalie Ann Lawrence | B89: wicketkeeper | C89: Netherlands
A90: Sanya Khurana | B90: batter | C90: Netherlands
A91: Silver Siegers | B91: bowler | C91: Netherlands
A92: Sterre Kalis | B92: batter | C92: Netherlands | D92: Gully Divas | E92: 1
A93: Bree Illing | B93: bowler | C93: New Zealand | D93: Sarafa Strikers | E93: 1
A94: Brooke Halliday | B94: allrounder | C94: New Zealand | D94: Singara Singapengal | E94: 1
A95: Flora Devonshire | B95: allrounder | C95: New Zealand
A96: Georgia Plimmer | B96: batter | C96: New Zealand | D96: Vanitha Warriors | E96: 1
A97: Isabella Gaze | B97: wicketkeeper | C97: New Zealand
A98: Izzy Sharp | B98: batter | C98: New Zealand | D98: Janaki Royals | E98: 1
A99: Jess Kerr | B99: bowler | C99: New Zealand | D99: Rajputana Ranis | E99: 6
A100: Lea Tahuhu | B100: bowler | C100: New Zealand | D100: Janaki Royals | E100: 10.5
A101: Maddy Green | B101: batter | C101: New Zealand
A102: Melie Kerr | B102: allrounder | C102: New Zealand | D102: Gully Divas | E102: 40
A103: Nensi Patel | B103: allrounder | C103: New Zealand
A104: Polly Inglis | B104: wicketkeeper | C104: New Zealand | D104: Konkan Queens | E104: 1
A105: Rosemary Mair | B105: bowler | C105: New Zealand | D105: Sarafa Strikers | E105: 2
A106: Sophie Devine | B106: allrounder | C106: New Zealand | D106: Rajputana Ranis | E106: 13
A107: Suzie Bates | B107: allrounder | C107: New Zealand | D107: Vanitha Warriors | E107: 13
...

Sheet DWLTeams
A1: Abbrv | B1: Team Name
A2: GD | B2: Gully Divas
A3: JR | B3: Janaki Royals
A4: KQ | B4: Konkan Queens
A5: RR | B5: Rajputana Ranis
A6: SS | B6: Sarafa Strikers
A7: SGS | B7: Singara Singapengal
A8: VW | B8: Vanitha Warriors

Sheet GD
A1: GULLY DIVAS
A5: Team Player No. | B5: Player Name | C5: Country | D5: Captain/ Vice-Captain | E5: Status
A6: 1 | B6: Ashleigh Gardner | C6: =IFERROR(VLOOKUP(GD[[#This Row],[Player Name]],Players!A:D,3,0),"") -> Australia | D6: Captain | E6: =IFERROR(VLOOKUP(GD[[#This Row],[Player Name]],Players!A:F,6,FALSE),"") -> 0
A7: 2 | B7: Charlie Dean | C7: =IFERROR(VLOOKUP(GD[[#This Row],[Player Name]],Players!A:D,3,0),"") -> England | E7: =IFERROR(VLOOKUP(GD[[#This Row],[Player Name]],Players!A:F,6,FALSE),"") -> 0
A8: 3 | B8: Chloe Tryon | C8: =IFERROR(VLOOKUP(GD[[#This Row],[Player Name]],Players!A:D,3,0),"") -> South Africa | E8: =IFERROR(VLOOKUP(GD[[#This Row],[Player Name]],Players!A:F,6,FALSE),"") -> 0
A9: 4 | B9: Deandra Dottin | C9: =IFERROR(VLOOKUP(GD[[#This Row],[Player Name]],Players!A:D,3,0),"") -> West Indies | E9: =IFERROR(VLOOKUP(GD[[#This Row],[Player Name]],Players!A:F,6,FALSE),"") -> 0
A10: 5 | B10: Fatima Sana | C10: =IFERROR(VLOOKUP(GD[[#This Row],[Player Name]],Players!A:D,3,0),"") -> Pakistan | E10: =IFERROR(VLOOKUP(GD[[#This Row],[Player Name]],Players!A:F,6,FALSE),"") -> 0
A11: 6 | B11: Karabo Meso | C11: =IFERROR(VLOOKUP(GD[[#This Row],[Player Name]],Players!A:D,3,0),"") -> South Africa | E11: =IFERROR(VLOOKUP(GD[[#This Row],[Player Name]],Players!A:F,6,FALSE),"") -> 0
A12: 7 | B12: Melie Kerr | C12: =IFERROR(VLOOKUP(GD[[#This Row],[Player Name]],Players!A:D,3,0),"") -> New Zealand | D12: Vice-Captain | E12: =IFERROR(VLOOKUP(GD[[#This Row],[Player Name]],Players!A:F,6,FALSE),"") -> 0
A13: 8 | B13: Nahida Akter | C13: =IFERROR(VLOOKUP(GD[[#This Row],[Player Name]],Players!A:D,3,0),"") -> Bangladesh | E13: =IFERROR(VLOOKUP(GD[[#This Row],[Player Name]],Players!A:F,6,FALSE),"") -> 0
A14: 9 | B14: Nandani Sharma | C14: =IFERROR(VLOOKUP(GD[[#This Row],[Player Name]],Players!A:D,3,0),"") -> India | E14: =IFERROR(VLOOKUP(GD[[#This Row],[Player Name]],Players!A:F,6,FALSE),"") -> 0
A15: 10 | B15: Nigar Sultana | C15: =IFERROR(VLOOKUP(GD[[#This Row],[Player Name]],Players!A:D,3,0),"") -> Bangladesh | E15: =IFERROR(VLOOKUP(GD[[#This Row],[Player Name]],Players!A:F,6,FALSE),"") -> 0
A16: 11 | B16: Pippa Sproul | C16: =IFERROR(VLOOKUP(GD[[#This Row],[Player Name]],Players!A:D,3,0),"") -> Scotland | E16: =IFERROR(VLOOKUP(GD[[#This Row],[Player Name]],Players!A:F,6,FALSE),"") -> 0
A17: 12 | B17: Prema Rawat | C17: =IFERROR(VLOOKUP(GD[[#This Row],[Player Name]],Players!A:D,3,0),"") -> India | E17: =IFERROR(VLOOKUP(GD[[#This Row],[Player Name]],Players!A:F,6,FALSE),"") -> Replacement
A18: 13 | B18: Sarah Bryce | C18: =IFERROR(VLOOKUP(GD[[#This Row],[Player Name]],Players!A:D,3,0),"") -> Scotland | E18: =IFERROR(VLOOKUP(GD[[#This Row],[Player Name]],Players!A:F,6,FALSE),"") -> 0
A19: 14 | B19: Shree Charani | C19: =IFERROR(VLOOKUP(GD[[#This Row],[Player Name]],Players!A:D,3,0),"") -> India | E19: =IFERROR(VLOOKUP(GD[[#This Row],[Player Name]],Players!A:F,6,FALSE),"") -> 0
A20: 15 | B20: Shreyanka Patil | C20: =IFERROR(VLOOKUP(GD[[#This Row],[Player Name]],Players!A:D,3,0),"") -> India | E20: =IFERROR(VLOOKUP(GD[[#This Row],[Player Name]],Players!A:F,6,FALSE),"") -> Injured
A21: 16 | B21: Sophia Dunkley | C21: =IFERROR(VLOOKUP(GD[[#This Row],[Player Name]],Players!A:D,3,0),"") -> England | E21: =IFERROR(VLOOKUP(GD[[#This Row],[Player Name]],Players!A:F,6,FALSE),"") -> 0
A22: 17 | B22: Sterre Kalis | C22: =IFERROR(VLOOKUP(GD[[#This Row],[Player Name]],Players!A:D,3,0),"") -> Netherlands | E22: =IFERROR(VLOOKUP(GD[[#This Row],[Player Name]],Players!A:F,6,FALSE),"") -> 0
A23: 18 | B23: Tilly Corteen-Coleman | C23: =IFERROR(VLOOKUP(GD[[#This Row],[Player Name]],Players!A:D,3,0),"") -> England | E23: =IFERROR(VLOOKUP(GD[[#This Row],[Player Name]],Players!A:F,6,FALSE),"") -> 0

Sheet JR
A1: JANAKI ROYALS
A5: Team Player No. | B5: Player Name | C5: Country | D5: Captain/ Vice-Captain | E5: Status
A6: 1 | B6: Aaliyah Alleyne | C6: =IFERROR(VLOOKUP(JR[[#This Row],[Player Name]],Players!A:D,3,0),"") -> West Indies | E6: =IFERROR(VLOOKUP(JR[[#This Row],[Player Name]],Players!A:F,6,FALSE),"") -> 0
A7: 2 | B7: Hayley Matthews | C7: =IFERROR(VLOOKUP(JR[[#This Row],[Player Name]],Players!A:D,3,0),"") -> West Indies | D7: Captain | E7: =IFERROR(VLOOKUP(JR[[#This Row],[Player Name]],Players!A:F,6,FALSE),"") -> 0
A8: 3 | B8: Issy Wong | C8: =IFERROR(VLOOKUP(JR[[#This Row],[Player Name]],Players!A:D,3,0),"") -> England | E8: =IFERROR(VLOOKUP(JR[[#This Row],[Player Name]],Players!A:F,6,FALSE),"") -> 0
A9: 4 | B9: Izzy Sharp | C9: =IFERROR(VLOOKUP(JR[[#This Row],[Player Name]],Players!A:D,3,0),"") -> New Zealand | E9: =IFERROR(VLOOKUP(JR[[#This Row],[Player Name]],Players!A:F,6,FALSE),"") -> 0
A10: 5 | B10: Kathryn Bryce | C10: =IFERROR(VLOOKUP(JR[[#This Row],[Player Name]],Players!A:D,3,0),"") -> Scotland | E10: =IFERROR(VLOOKUP(JR[[#This Row],[Player Name]],Players!A:F,6,FALSE),"") -> 0
A11: 6 | B11: Lauren Filer | C11: =IFERROR(VLOOKUP(JR[[#This Row],[Player Name]],Players!A:D,3,0),"") -> England | E11: =IFERROR(VLOOKUP(JR[[#This Row],[Player Name]],Players!A:F,6,FALSE),"") -> 0
A12: 7 | B12: Lea Tahuhu | C12: =IFERROR(VLOOKUP(JR[[#This Row],[Player Name]],Players!A:D,3,0),"") -> New Zealand | E12: =IFERROR(VLOOKUP(JR[[#This Row],[Player Name]],Players!A:F,6,FALSE),"") -> 0
A13: 8 | B13: Megan Schutt | C13: =IFERROR(VLOOKUP(JR[[#This Row],[Player Name]],Players!A:D,3,0),"") -> Australia | E13: =IFERROR(VLOOKUP(JR[[#This Row],[Player Name]],Players!A:F,6,FALSE),"") -> 0
A14: 9 | B14: Muneeba Ali | C14: =IFERROR(VLOOKUP(JR[[#This Row],[Player Name]],Players!A:D,3,0),"") -> Pakistan | E14: =IFERROR(VLOOKUP(JR[[#This Row],[Player Name]],Players!A:F,6,FALSE),"") -> 0
A15: 10 | B15: Nat Sciver-Brunt | C15: =IFERROR(VLOOKUP(JR[[#This Row],[Player Name]],Players!A:D,3,0),"") -> England | D15: Vice-Captain | E15: =IFERROR(VLOOKUP(JR[[#This Row],[Player Name]],Players!A:F,6,FALSE),"") -> 0
A16: 11 | B16: Robine Rijke | C16: =IFERROR(VLOOKUP(JR[[#This Row],[Player Name]],Players!A:D,3,0),"") -> Netherlands | E16: =IFERROR(VLOOKUP(JR[[#This Row],[Player Name]],Players!A:F,6,FALSE),"") -> 0
A17: 12 | B17: Sugandika Kumari | C17: =IFERROR(VLOOKUP(JR[[#This Row],[Player Name]],Players!A:D,3,0),"") -> Sri Lanka | E17: =IFERROR(VLOOKUP(JR[[#This Row],[Player Name]],Players!A:F,6,FALSE),"") -> 0
A18: 13 | B18: Tahlia McGrath | C18: =IFERROR(VLOOKUP(JR[[#This Row],[Player Name]],Players!A:D,3,0),"") -> Australia | E18: =IFERROR(VLOOKUP(JR[[#This Row],[Player Name]],Players!A:F,6,FALSE),"") -> 0
A19: 14 | B19: Tazmin Brits | C19: =IFERROR(VLOOKUP(JR[[#This Row],[Player Name]],Players!A:D,3,0),"") -> South Africa | E19: =IFERROR(VLOOKUP(JR[[#This Row],[Player Name]],Players!A:F,6,FALSE),"") -> 0
A20: 15 | B20: Vishmi Gunaratne | C20: =IFERROR(VLOOKUP(JR[[#This Row],[Player Name]],Players!A:D,3,0),"") -> Sri Lanka | E20: =IFERROR(VLOOKUP(JR[[#This Row],[Player Name]],Players!A:F,6,FALSE),"") -> 0
A21: 16 | B21: Zaida James | C21: =IFERROR(VLOOKUP(JR[[#This Row],[Player Name]],Players!A:D,3,0),"") -> West Indies | E21: =IFERROR(VLOOKUP(JR[[#This Row],[Player Name]],Players!A:F,6,FALSE),"") -> 0
A22: 17 | C22: =IFERROR(VLOOKUP(JR[[#This Row],[Player Name]],Players!A:D,3,0),"") | E22: =IFERROR(VLOOKUP(JR[[#This Row],[Player Name]],Players!A:F,6,FALSE),"")
A23: 18 | C23: =IFERROR(VLOOKUP(JR[[#This Row],[Player Name]],Players!A:D,3,0),"") | E23: =IFERROR(VLOOKUP(JR[[#This Row],[Player Name]],Players!A:F,6,FALSE),"")

Sheet KQ
A1: KONKAN QUEENS
A5: Team Player No. | B5: Player Name | C5: Country | D5: Captain/ Vice-Captain | E5: Status
A6: 1 | B6: Chinelle Henry | C6: =IFERROR(VLOOKUP(KQ[[#This Row],[Player Name]],Players!A:D,3,0),"") -> West Indies | E6: =IFERROR(VLOOKUP(KQ[[#This Row],[Player Name]],Players!A:F,6,FALSE),"") -> 0
A7: 2 | B7: Dane van Niekerk | C7: =IFERROR(VLOOKUP(KQ[[#This Row],[Player Name]],Players!A:D,3,0),"") -> South Africa | E7: =IFERROR(VLOOKUP(KQ[[#This Row],[Player Name]],Players!A:F,6,FALSE),"") -> 0
A8: 3 | B8: Deepti Sharma | C8: =IFERROR(VLOOKUP(KQ[[#This Row],[Player Name]],Players!A:D,3,0),"") -> India | D8: Captain | E8: =IFERROR(VLOOKUP(KQ[[#This Row],[Player Name]],Players!A:F,6,FALSE),"") -> 0
A9: 4 | B9: Gaby Lewis | C9: =IFERROR(VLOOKUP(KQ[[#This Row],[Player Name]],Players!A:D,3,0),"") -> Ireland | E9: =IFERROR(VLOOKUP(KQ[[#This Row],[Player Name]],Players!A:F,6,FALSE),"") -> 0
A10: 5 | B10: Kim Garth | C10: =IFERROR(VLOOKUP(KQ[[#This Row],[Player Name]],Players!A:D,3,0),"") -> Australia | E10: =IFERROR(VLOOKUP(KQ[[#This Row],[Player Name]],Players!A:F,6,FALSE),"") -> 0
A11: 6 | B11: Lauren Bell | C11: =IFERROR(VLOOKUP(KQ[[#This Row],[Player Name]],Players!A:D,3,0),"") -> England | E11: =IFERROR(VLOOKUP(KQ[[#This Row],[Player Name]],Players!A:F,6,FALSE),"") -> 0
A12: 7 | B12: Lucy Hamilton | C12: =IFERROR(VLOOKUP(KQ[[#This Row],[Player Name]],Players!A:D,3,0),"") -> Australia | E12: =IFERROR(VLOOKUP(KQ[[#This Row],[Player Name]],Players!A:F,6,FALSE),"") -> 0
A13: 8 | B13: Phoebe Litchfield | C13: =IFERROR(VLOOKUP(KQ[[#This Row],[Player Name]],Players!A:D,3,0),"") -> Australia | E13: =IFERROR(VLOOKUP(KQ[[#This Row],[Player Name]],Players!A:F,6,FALSE),"") -> 0
A14: 9 | B14: Polly Inglis | C14: =IFERROR(VLOOKUP(KQ[[#This Row],[Player Name]],Players!A:D,3,0),"") -> New Zealand | E14: =IFERROR(VLOOKUP(KQ[[#This Row],[Player Name]],Players!A:F,6,FALSE),"") -> 0
A15: 10 | B15: Sinalo Jafta | C15: =IFERROR(VLOOKUP(KQ[[#This Row],[Player Name]],Players!A:D,3,0),"") -> South Africa | E15: =IFERROR(VLOOKUP(KQ[[#This Row],[Player Name]],Players!A:F,6,FALSE),"") -> 0
A16: 11 | B16: Smriti Mandhana | C16: =IFERROR(VLOOKUP(KQ[[#This Row],[Player Name]],Players!A:D,3,0),"") -> India | E16: =IFERROR(VLOOKUP(KQ[[#This Row],[Player Name]],Players!A:F,6,FALSE),"") -> 0
A17: 12 | B17: Sophie Ecclestone | C17: =IFERROR(VLOOKUP(KQ[[#This Row],[Player Name]],Players!A:D,3,0),"") -> England | D17: Vice-Captain | E17: =IFERROR(VLOOKUP(KQ[[#This Row],[Player Name]],Players!A:F,6,FALSE),"") -> 0
A18: 13 | B18: Sophie Molineux | C18: =IFERROR(VLOOKUP(KQ[[#This Row],[Player Name]],Players!A:D,3,0),"") -> Australia | E18: =IFERROR(VLOOKUP(KQ[[#This Row],[Player Name]],Players!A:F,6,FALSE),"") -> 0
A19: 14 | C19: =IFERROR(VLOOKUP(KQ[[#This Row],[Player Name]],Players!A:D,3,0),"") | E19: =IFERROR(VLOOKUP(KQ[[#This Row],[Player Name]],Players!A:F,6,FALSE),"")
A20: 15 | C20: =IFERROR(VLOOKUP(KQ[[#This Row],[Player Name]],Players!A:D,3,0),"") | E20: =IFERROR(VLOOKUP(KQ[[#This Row],[Player Name]],Players!A:F,6,FALSE),"")
A21: 16 | C21: =IFERROR(VLOOKUP(KQ[[#This Row],[Player Name]],Players!A:D,3,0),"") | E21: =IFERROR(VLOOKUP(KQ[[#This Row],[Player Name]],Players!A:F,6,FALSE),"")
A22: 17 | C22: =IFERROR(VLOOKUP(KQ[[#This Row],[Player Name]],Players!A:D,3,0),"") | E22: =IFERROR(VLOOKUP(KQ[[#This Row],[Player Name]],Players!A:F,6,FALSE),"")
A23: 18 | C23: =IFERROR(VLOOKUP(KQ[[#This Row],[Player Name]],Players!A:D,3,0),"") | E23: =IFERROR(VLOOKUP(KQ[[#This Row],[Player Name]],Players!A:F,6,FALSE),"")

Sheet RR
A1: RAJPUTANA RANIS
A5: Team Player No. | B5: Player Name | C5: Country | D5: Captain/ Vice-Captain | E5: Status
A6: 1 | B6: Alice Capsey | C6: =IFERROR(VLOOKUP(RR[[#This Row],[Player Name]],Players!A:D,3,0),"") -> England | E6: =IFERROR(VLOOKUP(RR[[#This Row],[Player Name]],Players!A:F,6,FALSE),"") -> 0
A7: 2 | B7: Arundhati Reddy | C7: =IFERROR(VLOOKUP(RR[[#This Row],[Player Name]],Players!A:D,3,0),"") -> India | E7: =IFERROR(VLOOKUP(RR[[#This Row],[Player Name]],Players!A:F,6,FALSE),"") -> 0
A8: 3 | B8: Ayabonga Khaka | C8: =IFERROR(VLOOKUP(RR[[#This Row],[Player Name]],Players!A:D,3,0),"") -> South Africa | E8: =IFERROR(VLOOKUP(RR[[#This Row],[Player Name]],Players!A:F,6,FALSE),"") -> 0
A9: 4 | B9: Chamari Athapaththu | C9: =IFERROR(VLOOKUP(RR[[#This Row],[Player Name]],Players!A:D,3,0),"") -> Sri Lanka | D9: Vice-Captain | E9: =IFERROR(VLOOKUP(RR[[#This Row],[Player Name]],Players!A:F,6,FALSE),"") -> 0
A10: 5 | B10: Georgia Voll | C10: =IFERROR(VLOOKUP(RR[[#This Row],[Player Name]],Players!A:D,3,0),"") -> Australia | E10: =IFERROR(VLOOKUP(RR[[#This Row],[Player Name]],Players!A:F,6,FALSE),"") -> 0
A11: 6 | B11: Georgia Wareham | C11: =IFERROR(VLOOKUP(RR[[#This Row],[Player Name]],Players!A:D,3,0),"") -> Australia | E11: =IFERROR(VLOOKUP(RR[[#This Row],[Player Name]],Players!A:F,6,FALSE),"") -> 0
A12: 7 | B12: Jemimah Rodrigues | C12: =IFERROR(VLOOKUP(RR[[#This Row],[Player Name]],Players!A:D,3,0),"") -> India | E12: =IFERROR(VLOOKUP(RR[[#This Row],[Player Name]],Players!A:F,6,FALSE),"") -> 0
A13: 8 | B13: Jess Kerr | C13: =IFERROR(VLOOKUP(RR[[#This Row],[Player Name]],Players!A:D,3,0),"") -> New Zealand | E13: =IFERROR(VLOOKUP(RR[[#This Row],[Player Name]],Players!A:F,6,FALSE),"") -> 0
A14: 9 | B14: Kranti Gaud | C14: =IFERROR(VLOOKUP(RR[[#This Row],[Player Name]],Players!A:D,3,0),"") -> India | E14: =IFERROR(VLOOKUP(RR[[#This Row],[Player Name]],Players!A:F,6,FALSE),"") -> 0
A15: 10 | B15: Nashra Sandhu | C15: =IFERROR(VLOOKUP(RR[[#This Row],[Player Name]],Players!A:D,3,0),"") -> Pakistan | E15: =IFERROR(VLOOKUP(RR[[#This Row],[Player Name]],Players!A:F,6,FALSE),"") -> 0
A16: 11 | B16: Shabnim Ismail | C16: =IFERROR(VLOOKUP(RR[[#This Row],[Player Name]],Players!A:D,3,0),"") -> South Africa | E16: =IFERROR(VLOOKUP(RR[[#This Row],[Player Name]],Players!A:F,6,FALSE),"") -> 0
A17: 12 | B17: Sophie Devine | C17: =IFERROR(VLOOKUP(RR[[#This Row],[Player Name]],Players!A:D,3,0),"") -> New Zealand | D17: Captain | E17: =IFERROR(VLOOKUP(RR[[#This Row],[Player Name]],Players!A:F,6,FALSE),"") -> 0
A18: 13 | B18: Sune Luus | C18: =IFERROR(VLOOKUP(RR[[#This Row],[Player Name]],Players!A:D,3,0),"") -> South Africa | E18: =IFERROR(VLOOKUP(RR[[#This Row],[Player Name]],Players!A:F,6,FALSE),"") -> 0
A19: 14 | B19: Yastika Bhatia | C19: =IFERROR(VLOOKUP(RR[[#This Row],[Player Name]],Players!A:D,3,0),"") -> India | E19: =IFERROR(VLOOKUP(RR[[#This Row],[Player Name]],Players!A:F,6,FALSE),"") -> 0
A20: 15 | C20: =IFERROR(VLOOKUP(RR[[#This Row],[Player Name]],Players!A:D,3,0),"") | E20: =IFERROR(VLOOKUP(RR[[#This Row],[Player Name]],Players!A:F,6,FALSE),"")
A21: 16 | C21: =IFERROR(VLOOKUP(RR[[#This Row],[Player Name]],Players!A:D,3,0),"") | E21: =IFERROR(VLOOKUP(RR[[#This Row],[Player Name]],Players!A:F,6,FALSE),"")
A22: 17 | C22: =IFERROR(VLOOKUP(RR[[#This Row],[Player Name]],Players!A:D,3,0),"") | E22: =IFERROR(VLOOKUP(RR[[#This Row],[Player Name]],Players!A:F,6,FALSE),"")
A23: 18 | C23: =IFERROR(VLOOKUP(RR[[#This Row],[Player Name]],Players!A:D,3,0),"") | E23: =IFERROR(VLOOKUP(RR[[#This Row],[Player Name]],Players!A:F,6,FALSE),"")

Sheet SS
A1: SARAFA STRIKERS
A5: Team Player No. | B5: Player Name | C5: Country | D5: Captain/ Vice-Captain | E5: Status
A6: 1 | B6: Amy Jones | C6: =IFERROR(VLOOKUP(SS[[#This Row],[Player Name]],Players!A:D,3,0),"") -> England | E6: =IFERROR(VLOOKUP(SS[[#This Row],[Player Name]],Players!A:F,6,FALSE),"") -> 0
A7: 2 | B7: Annabel Sutherland | C7: =IFERROR(VLOOKUP(SS[[#This Row],[Player Name]],Players!A:D,3,0),"") -> Australia | E7: =IFERROR(VLOOKUP(SS[[#This Row],[Player Name]],Players!A:F,6,FALSE),"") -> 0
A8: 3 | B8: Beth Mooney | C8: =IFERROR(VLOOKUP(SS[[#This Row],[Player Name]],Players!A:D,3,0),"") -> Australia | E8: =IFERROR(VLOOKUP(SS[[#This Row],[Player Name]],Players!A:F,6,FALSE),"") -> 0
A9: 4 | B9: Bree Illing | C9: =IFERROR(VLOOKUP(SS[[#This Row],[Player Name]],Players!A:D,3,0),"") -> New Zealand | E9: =IFERROR(VLOOKUP(SS[[#This Row],[Player Name]],Players!A:F,6,FALSE),"") -> 0
A10: 5 | B10: Danni Wyatt-Hodge | C10: =IFERROR(VLOOKUP(SS[[#This Row],[Player Name]],Players!A:D,3,0),"") -> England | E10: =IFERROR(VLOOKUP(SS[[#This Row],[Player Name]],Players!A:F,6,FALSE),"") -> 0
A11: 6 | B11: Freya Kemp | C11: =IFERROR(VLOOKUP(SS[[#This Row],[Player Name]],Players!A:D,3,0),"") -> England | E11: =IFERROR(VLOOKUP(SS[[#This Row],[Player Name]],Players!A:F,6,FALSE),"") -> 0
A12: 7 | B12: Grace Harris | C12: =IFERROR(VLOOKUP(SS[[#This Row],[Player Name]],Players!A:D,3,0),"") -> Australia | E12: =IFERROR(VLOOKUP(SS[[#This Row],[Player Name]],Players!A:F,6,FALSE),"") -> 0
A13: 8 | B13: Karishma Ramharack | C13: =IFERROR(VLOOKUP(SS[[#This Row],[Player Name]],Players!A:D,3,0),"") -> West Indies | E13: =IFERROR(VLOOKUP(SS[[#This Row],[Player Name]],Players!A:F,6,FALSE),"") -> 0
A14: 9 | B14: Laura Wolvaardt | C14: =IFERROR(VLOOKUP(SS[[#This Row],[Player Name]],Players!A:D,3,0),"") -> South Africa | D14: Captain | E14: =IFERROR(VLOOKUP(SS[[#This Row],[Player Name]],Players!A:F,6,FALSE),"") -> 0
A15: 10 | B15: Linsey Smith | C15: =IFERROR(VLOOKUP(SS[[#This Row],[Player Name]],Players!A:D,3,0),"") -> England | E15: =IFERROR(VLOOKUP(SS[[#This Row],[Player Name]],Players!A:F,6,FALSE),"") -> 0
A16: 11 | B16: Nonkululeko Mlaba | C16: =IFERROR(VLOOKUP(SS[[#This Row],[Player Name]],Players!A:D,3,0),"") -> South Africa | D16: Vice-Captain | E16: =IFERROR(VLOOKUP(SS[[#This Row],[Player Name]],Players!A:F,6,FALSE),"") -> 0
A17: 12 | B17: Orla Prendergast | C17: =IFERROR(VLOOKUP(SS[[#This Row],[Player Name]],Players!A:D,3,0),"") -> Ireland | E17: =IFERROR(VLOOKUP(SS[[#This Row],[Player Name]],Players!A:F,6,FALSE),"") -> 0
A18: 13 | B18: Renuka Singh | C18: =IFERROR(VLOOKUP(SS[[#This Row],[Player Name]],Players!A:D,3,0),"") -> India | E18: =IFERROR(VLOOKUP(SS[[#This Row],[Player Name]],Players!A:F,6,FALSE),"") -> 0
A19: 14 | B19: Rosemary Mair | C19: =IFERROR(VLOOKUP(SS[[#This Row],[Player Name]],Players!A:D,3,0),"") -> New Zealand | E19: =IFERROR(VLOOKUP(SS[[#This Row],[Player Name]],Players!A:F,6,FALSE),"") -> 0
A20: 15 | B20: Stafanie Taylor | C20: =IFERROR(VLOOKUP(SS[[#This Row],[Player Name]],Players!A:D,3,0),"") -> West Indies | E20: =IFERROR(VLOOKUP(SS[[#This Row],[Player Name]],Players!A:F,6,FALSE),"") -> 0
A21: 16 | C21: =IFERROR(VLOOKUP(SS[[#This Row],[Player Name]],Players!A:D,3,0),"") | E21: =IFERROR(VLOOKUP(SS[[#This Row],[Player Name]],Players!A:F,6,FALSE),"")
A22: 17 | C22: =IFERROR(VLOOKUP(SS[[#This Row],[Player Name]],Players!A:D,3,0),"") | E22: =IFERROR(VLOOKUP(SS[[#This Row],[Player Name]],Players!A:F,6,FALSE),"")
A23: 18 | C23: =IFERROR(VLOOKUP(SS[[#This Row],[Player Name]],Players!A:D,3,0),"") | E23: =IFERROR(VLOOKUP(SS[[#This Row],[Player Name]],Players!A:F,6,FALSE),"")

Sheet SGS
A1: SINGARA SINGAPENGAL
A5: Team Player No. | B5: Player Name | C5: Country | D5: Captain/ Vice-Captain | E5: Status
A6: 1 | B6: Abtaha Maqsood | C6: =IFERROR(VLOOKUP(SGS[[#This Row],[Player Name]],Players!A:D,3,0),"") -> Scotland | E6: =IFERROR(VLOOKUP(SGS[[#This Row],[Player Name]],Players!A:F,6,FALSE),"") -> Injured
A7: 2 | B7: Alana King | C7: =IFERROR(VLOOKUP(SGS[[#This Row],[Player Name]],Players!A:D,3,0),"") -> Australia | E7: =IFERROR(VLOOKUP(SGS[[#This Row],[Player Name]],Players!A:F,6,FALSE),"") -> 0
A8: 3 | B8: Bharti Fulmali | C8: =IFERROR(VLOOKUP(SGS[[#This Row],[Player Name]],Players!A:D,3,0),"") -> India | E8: =IFERROR(VLOOKUP(SGS[[#This Row],[Player Name]],Players!A:F,6,FALSE),"") -> 0
A9: 4 | B9: Brooke Halliday | C9: =IFERROR(VLOOKUP(SGS[[#This Row],[Player Name]],Players!A:D,3,0),"") -> New Zealand | E9: =IFERROR(VLOOKUP(SGS[[#This Row],[Player Name]],Players!A:F,6,FALSE),"") -> 0
A10: 5 | B10: Cara Murray | C10: =IFERROR(VLOOKUP(SGS[[#This Row],[Player Name]],Players!A:D,3,0),"") -> Ireland | E10: =IFERROR(VLOOKUP(SGS[[#This Row],[Player Name]],Players!A:F,6,FALSE),"") -> 0
A11: 6 | B11: Hannah Rainey | C11: =IFERROR(VLOOKUP(SGS[[#This Row],[Player Name]],Players!A:D,3,0),"") -> Scotland | E11: =IFERROR(VLOOKUP(SGS[[#This Row],[Player Name]],Players!A:F,6,FALSE),"") -> Replacement
A12: 7 | B12: Harshitha Samarawickrama | C12: =IFERROR(VLOOKUP(SGS[[#This Row],[Player Name]],Players!A:D,3,0),"") -> Sri Lanka | E12: =IFERROR(VLOOKUP(SGS[[#This Row],[Player Name]],Players!A:F,6,FALSE),"") -> 0
A13: 8 | B13: Heather Knight | C13: =IFERROR(VLOOKUP(SGS[[#This Row],[Player Name]],Players!A:D,3,0),"") -> England | E13: =IFERROR(VLOOKUP(SGS[[#This Row],[Player Name]],Players!A:F,6,FALSE),"") -> 0
A14: 9 | B14: Leah Paul | C14: =IFERROR(VLOOKUP(SGS[[#This Row],[Player Name]],Players!A:D,3,0),"") -> Ireland | E14: =IFERROR(VLOOKUP(SGS[[#This Row],[Player Name]],Players!A:F,6,FALSE),"") -> 0
A15: 10 | B15: Marizanne Kapp | C15: =IFERROR(VLOOKUP(SGS[[#This Row],[Player Name]],Players!A:D,3,0),"") -> South Africa | D15: Captain | E15: =IFERROR(VLOOKUP(SGS[[#This Row],[Player Name]],Players!A:F,6,FALSE),"") -> 0
A16: 11 | B16: Richa Ghosh | C16: =IFERROR(VLOOKUP(SGS[[#This Row],[Player Name]],Players!A:D,3,0),"") -> India | E16: =IFERROR(VLOOKUP(SGS[[#This Row],[Player Name]],Players!A:F,6,FALSE),"") -> 0
A17: 12 | B17: Shafali Verma | C17: =IFERROR(VLOOKUP(SGS[[#This Row],[Player Name]],Players!A:D,3,0),"") -> India | D17: Vice-Captain | E17: =IFERROR(VLOOKUP(SGS[[#This Row],[Player Name]],Players!A:F,6,FALSE),"") -> 0
A18: 13 | B18: Shemaine Campbelle | C18: =IFERROR(VLOOKUP(SGS[[#This Row],[Player Name]],Players!A:D,3,0),"") -> West Indies | E18: =IFERROR(VLOOKUP(SGS[[#This Row],[Player Name]],Players!A:F,6,FALSE),"") -> 0
A19: 14 | C19: =IFERROR(VLOOKUP(SGS[[#This Row],[Player Name]],Players!A:D,3,0),"") | E19: =IFERROR(VLOOKUP(SGS[[#This Row],[Player Name]],Players!A:F,6,FALSE),"")
A20: 15 | C20: =IFERROR(VLOOKUP(SGS[[#This Row],[Player Name]],Players!A:D,3,0),"") | E20: =IFERROR(VLOOKUP(SGS[[#This Row],[Player Name]],Players!A:F,6,FALSE),"")
A21: 16 | C21: =IFERROR(VLOOKUP(SGS[[#This Row],[Player Name]],Players!A:D,3,0),"") | E21: =IFERROR(VLOOKUP(SGS[[#This Row],[Player Name]],Players!A:F,6,FALSE),"")
A22: 17 | C22: =IFERROR(VLOOKUP(SGS[[#This Row],[Player Name]],Players!A:D,3,0),"") | E22: =IFERROR(VLOOKUP(SGS[[#This Row],[Player Name]],Players!A:F,6,FALSE),"")
A23: 18 | C23: =IFERROR(VLOOKUP(SGS[[#This Row],[Player Name]],Players!A:D,3,0),"") | E23: =IFERROR(VLOOKUP(SGS[[#This Row],[Player Name]],Players!A:F,6,FALSE),"")

Sheet VW
A1: VANITHA WARRIORS
A5: Team Player No. | B5: Player Name | C5: Country | D5: Captain/ Vice-Captain | E5: Status
A6: 1 | B6: Afy Fletcher | C6: =IFERROR(VLOOKUP(KT[[#This Row],[Player Name]],Players!A:D,3,0),"") -> West Indies | E6: =IFERROR(VLOOKUP(KT[[#This Row],[Player Name]],Players!A:F,6,FALSE),"") -> 0
A7: 2 | B7: Amy Hunter | C7: =IFERROR(VLOOKUP(KT[[#This Row],[Player Name]],Players!A:D,3,0),"") -> Ireland | E7: =IFERROR(VLOOKUP(KT[[#This Row],[Player Name]],Players!A:F,6,FALSE),"") -> 0
A8: 3 | B8: Annerie Dercksen | C8: =IFERROR(VLOOKUP(KT[[#This Row],[Player Name]],Players!A:D,3,0),"") -> South Africa | E8: =IFERROR(VLOOKUP(KT[[#This Row],[Player Name]],Players!A:F,6,FALSE),"") -> 0
A9: 4 | B9: Ayesha Zafar | C9: =IFERROR(VLOOKUP(KT[[#This Row],[Player Name]],Players!A:D,3,0),"") -> Pakistan | E9: =IFERROR(VLOOKUP(KT[[#This Row],[Player Name]],Players!A:F,6,FALSE),"") -> 0
A10: 5 | B10: Ellyse Perry | C10: =IFERROR(VLOOKUP(KT[[#This Row],[Player Name]],Players!A:D,3,0),"") -> Australia | D10: Captain | E10: =IFERROR(VLOOKUP(KT[[#This Row],[Player Name]],Players!A:F,6,FALSE),"") -> 0
A11: 6 | B11: Georgia Plimmer | C11: =IFERROR(VLOOKUP(KT[[#This Row],[Player Name]],Players!A:D,3,0),"") -> New Zealand | E11: =IFERROR(VLOOKUP(KT[[#This Row],[Player Name]],Players!A:F,6,FALSE),"") -> 0
A12: 7 | B12: Harmanpreet Kaur | C12: =IFERROR(VLOOKUP(KT[[#This Row],[Player Name]],Players!A:D,3,0),"") -> India | D12: Vice-Captain | E12: =IFERROR(VLOOKUP(KT[[#This Row],[Player Name]],Players!A:F,6,FALSE),"") -> 0
A13: 8 | B13: Kayla Reyneke | C13: =IFERROR(VLOOKUP(KT[[#This Row],[Player Name]],Players!A:D,3,0),"") -> South Africa | E13: =IFERROR(VLOOKUP(KT[[#This Row],[Player Name]],Players!A:F,6,FALSE),"") -> 0
A14: 9 | B14: Nadine de Klerk | C14: =IFERROR(VLOOKUP(KT[[#This Row],[Player Name]],Players!A:D,3,0),"") -> South Africa | E14: =IFERROR(VLOOKUP(KT[[#This Row],[Player Name]],Players!A:F,6,FALSE),"") -> 0
A15: 10 | B15: Nicola Carey | C15: =IFERROR(VLOOKUP(KT[[#This Row],[Player Name]],Players!A:D,3,0),"") -> Australia | E15: =IFERROR(VLOOKUP(KT[[#This Row],[Player Name]],Players!A:F,6,FALSE),"") -> 0
A16: 11 | B16: Radha Yadav | C16: =IFERROR(VLOOKUP(KT[[#This Row],[Player Name]],Players!A:D,3,0),"") -> India | E16: =IFERROR(VLOOKUP(KT[[#This Row],[Player Name]],Players!A:F,6,FALSE),"") -> 0
A17: 12 | B17: Sadia Iqbal | C17: =IFERROR(VLOOKUP(KT[[#This Row],[Player Name]],Players!A:D,3,0),"") -> Pakistan | E17: =IFERROR(VLOOKUP(KT[[#This Row],[Player Name]],Players!A:F,6,FALSE),"") -> 0
A18: 13 | B18: Suzie Bates | C18: =IFERROR(VLOOKUP(KT[[#This Row],[Player Name]],Players!A:D,3,0),"") -> New Zealand | E18: =IFERROR(VLOOKUP(KT[[#This Row],[Player Name]],Players!A:F,6,FALSE),"") -> 0
A19: 14 | C19: =IFERROR(VLOOKUP(KT[[#This Row],[Player Name]],Players!A:D,3,0),"") | E19: =IFERROR(VLOOKUP(KT[[#This Row],[Player Name]],Players!A:F,6,FALSE),"")
A20: 15 | C20: =IFERROR(VLOOKUP(KT[[#This Row],[Player Name]],Players!A:D,3,0),"") | E20: =IFERROR(VLOOKUP(KT[[#This Row],[Player Name]],Players!A:F,6,FALSE),"")
A21: 16 | C21: =IFERROR(VLOOKUP(KT[[#This Row],[Player Name]],Players!A:D,3,0),"") | E21: =IFERROR(VLOOKUP(KT[[#This Row],[Player Name]],Players!A:F,6,FALSE),"")
A22: 17 | C22: =IFERROR(VLOOKUP(KT[[#This Row],[Player Name]],Players!A:D,3,0),"") | E22: =IFERROR(VLOOKUP(KT[[#This Row],[Player Name]],Players!A:F,6,FALSE),"")
A23: 18 | C23: =IFERROR(VLOOKUP(KT[[#This Row],[Player Name]],Players!A:D,3,0),"") | E23: =IFERROR(VLOOKUP(KT[[#This Row],[Player Name]],Players!A:F,6,FALSE),"")
